{"Learning Rate": 1e-05, "Epochs": 20000, "Accuracy": 0.6200873362445415, "_timestamp": 1696891344.8481283, "_runtime": 353.3936312198639, "_step": 19}