{"Learning Rate": 0.01, "Epochs": 1000, "Accuracy": 0.5589519650655022, "_timestamp": 1696890795.3703358, "_runtime": 16.19395875930786, "_step": 1, "_wandb": {"runtime": 85}}