{"learning_rate": 1e-05, "epochs": 20000, "accuracy": 0.6200873362445415, "_timestamp": 1696883273.5733042, "_runtime": 2093.5903952121735, "_step": 19}