{"learning_rate": 1e-05, "epochs": 20000, "accuracy": 0.5982532751091703, "_timestamp": 1696880843.8855994, "_runtime": 685.600492477417, "_step": 29, "_wandb": {"runtime": 1014}}