{"learning_rate": 0.1, "epochs": 100, "accuracy": 0.5152838427947598, "_timestamp": 1696880121.5826535, "_runtime": 4.25411057472229, "_step": 0, "_wandb": {"runtime": 4}}